"id","contact_id","company","address","address2","city","state","postal_code","country","phone",
"1","0","new Company","Barcley street","Barcley street 2 north","0","0","43009","0","1011-4848",
"2","0","new Company","Barcley street","Barcley street 2 north","0","0","43009","0","1011-484809",
"3","0","new Companybj","22-ejerton road new clifton","Barcley street 2 north","0","0","9898933454353","0","49494-1010111111111111111",
"4","0","jd","dnjncj","","0","0","","0","",
"5","0","jncsjn","jd nsdj","","0","0","","0","",
"6","0","jncsjn","jd nsdj","","0","0","","0","",
"7","0","sk sndk","addresss","","0","0","","0","",
"8","14","abs","addressss","addresss22222","0","0","10101","3","12398",
"9","13","xyss","lahorii","punajabian","0","0","10401","0","987623",
"18","14","abs","addressss","addresss22222","0","0","10101","0","12398",
"19","14","xyss","lahorii","punajabian","0","0","10401","0","987623",
